{"cameraMode":{"drawMode":0,"name":"Shaded","section":"Shading Mode"},"sceneLighting":true,"audioPlay":false,"sceneViewState":{"showFog":true,"showMaterialUpdate":true,"showSkybox":true,"showFlares":true,"showImageEffects":true,"showParticleSystems":true},"in2DMode":false,"pivot":{"x":499.094970703125,"y":190.71299743652345,"z":-446.8027648925781},"rotation":{"x":0.09863194078207016,"y":0.5346655249595642,"z":-0.06301063299179077,"w":0.8369213342666626},"size":815.3099365234375,"orthographic":false}